{"stat.beaconInteraction":2,"stat.useItem.minecraft.bow":44,"stat.drop.minecraft.armor_stand":32,"stat.useItem.minecraft.chain_command_block":5,"stat.useItem.minecraft.quartz_block":1,"stat.leaveGame":52,"stat.useItem.minecraft.beacon":4,"stat.drop.minecraft.beacon":64,"stat.useItem.minecraft.skull":21,"stat.pickup.minecraft.stone_slab2":1,"stat.pickup.minecraft.leather_chestplate":1,"stat.useItem.minecraft.repeating_command_block":57,"stat.useItem.minecraft.diamond_sword":235,"stat.swimOneCm":4936,"stat.drop.minecraft.skull":4,"stat.useItem.minecraft.concrete_powder":1,"stat.useItem.minecraft.planks":5,"stat.climbOneCm":3692,"stat.useItem.minecraft.golden_shovel":3,"stat.useItem.minecraft.dirt":248,"stat.useItem.minecraft.stone_slab2":10,"stat.useItem.minecraft.water_bucket":9,"stat.pickup.minecraft.sand":12,"stat.pickup.minecraft.hardened_clay":1,"stat.drop.minecraft.hardened_clay":1,"stat.useItem.minecraft.anvil":4,"stat.craftItem.minecraft.stone_sword":1,"stat.flyOneCm":12840134,"stat.drop.minecraft.sand":76,"stat.killEntity.Villager":2,"stat.timeSinceDeath":30371,"stat.useItem.minecraft.sign":92,"stat.useItem.minecraft.iron_pickaxe":42,"stat.drop.minecraft.log":1,"stat.useItem.minecraft.spawn_egg":204,"stat.pickup.minecraft.stained_hardened_clay":9864,"stat.useItem.minecraft.wooden_slab":14,"stat.pickup.minecraft.double_plant":3,"stat.drop.minecraft.wooden_shovel":1,"stat.drop.minecraft.diamond_chestplate":2,"stat.pickup.minecraft.wooden_shovel":1,"stat.drop.minecraft.stained_glass":64,"stat.drop.minecraft.gravel":1,"stat.drop.minecraft.flint_and_steel":1,"stat.drop.minecraft.diamond_block":192,"stat.drop.minecraft.dirt":30,"stat.drop.minecraft.wool":3,"stat.useItem.minecraft.dark_oak_stairs":1,"stat.useItem.minecraft.armor_stand":15,"stat.talkedToVillager":9,"stat.pickup.minecraft.wooden_sword":4,"stat.drop.minecraft.spawn_egg":64,"stat.drop.minecraft.bedrock":22,"stat.useItem.minecraft.double_plant":1,"stat.useItem.minecraft.sea_lantern":1,"stat.drop.minecraft.stained_hardened_clay":566,"stat.useItem.minecraft.red_sandstone":5,"stat.mineBlock.minecraft.stained_hardened_clay":41,"stat.sprintOneCm":2377112,"stat.useItem.minecraft.diamond_block":31,"stat.useItem.minecraft.stained_glass":17,"stat.useItem.minecraft.fence":14,"stat.useItem.minecraft.stone_stairs":1,"stat.useItem.minecraft.stone_slab":13,"stat.useItem.minecraft.flint_and_steel":7,"stat.pickup.minecraft.grass":4,"stat.drop.minecraft.leaves":128,"stat.useItem.minecraft.dye":67,"stat.deaths":195,"stat.drop":282,"stat.drop.minecraft.chain_command_block":5,"stat.playOneMinute":1869635,"stat.useItem.minecraft.wooden_sword":665,"stat.pickup.minecraft.stone_button":1,"stat.drop.minecraft.bread":1,"stat.diveOneCm":7572,"stat.useItem.minecraft.structure_void":26,"stat.pickup.minecraft.sign":32,"stat.useItem.minecraft.stone":428,"stat.pickup.minecraft.gravel":1,"stat.drop.minecraft.iron_pickaxe":2,"stat.useItem.minecraft.bedrock":2,"stat.jump":12999,"stat.useItem.minecraft.sand":1,"stat.fallOneCm":972112,"stat.drop.minecraft.stone":42,"stat.drop.minecraft.dye":128,"stat.drop.minecraft.wooden_sword":2,"stat.crouchOneCm":129028,"stat.useItem.minecraft.stone_button":33,"stat.pickup.minecraft.dirt":25,"stat.pickup.minecraft.iron_ore":1,"stat.dropperInspected":1,"stat.useItem.minecraft.glass":8,"stat.drop.minecraft.barrier":4,"stat.useItem.minecraft.sapling":4,"stat.drop.minecraft.gold_block":64,"stat.drop.minecraft.double_plant":182,"stat.damageTaken":86717,"stat.useItem.minecraft.stone_brick_stairs":13,"stat.drop.minecraft.iron_leggings":1,"stat.dispenserInspected":3,"stat.useItem.minecraft.gold_block":10,"stat.drop.minecraft.stone_button":386,"stat.tradedWithVillager":1,"stat.drop.minecraft.concrete":3,"stat.drop.minecraft.red_sandstone":1,"stat.pickup.minecraft.planks":20,"stat.useItem.minecraft.stone_sword":131,"stat.damageDealt":41752,"stat.useItem.minecraft.wool":59,"stat.useItem.minecraft.command_block":57,"stat.walkOneCm":1553661,"stat.useItem.minecraft.torch":1,"stat.useItem.minecraft.bread":154,"stat.playerKills":194,"stat.useItem.minecraft.pumpkin":5,"stat.useItem.minecraft.log":30,"stat.useItem.minecraft.cobblestone":17,"stat.pickup.minecraft.log":1,"stat.drop.minecraft.iron_block":1,"stat.drop.minecraft.sign":70,"stat.pickup.minecraft.bedrock":21,"stat.useItem.minecraft.item_frame":1,"stat.drop.minecraft.iron_ore":1,"stat.drop.minecraft.leather_chestplate":1,"stat.drop.minecraft.planks":20,"stat.pickup.minecraft.stone":30,"stat.mineBlock.minecraft.wool":4,"stat.drop.minecraft.diamond_leggings":1,"stat.useItem.minecraft.stained_hardened_clay":2007,"stat.useItem.minecraft.leaves":84,"stat.drop.minecraft.command_block":4,"stat.useItem.minecraft.tallgrass":1,"stat.useItem.minecraft.concrete":70,"stat.useItem.minecraft.iron_sword":106,"stat.useItem.minecraft.barrier":49,"stat.useItem.minecraft.iron_block":33,"stat.pickup.minecraft.bread":1,"stat.mobKills":2,"stat.drop.minecraft.diamond_boots":2,"stat.drop.minecraft.repeating_command_block":3,"stat.useItem.minecraft.golden_apple":32,"stat.useItem.minecraft.monster_egg":5,"stat.sneakTime":29278,"stat.pickup.minecraft.wool":297,"stat.drop.minecraft.quartz_block":1,"stat.drop.minecraft.arrow":1,"stat.drop.minecraft.stone_slab2":1,"stat.drop.minecraft.grass":82,"stat.drop.minecraft.wooden_axe":1}